p1-r001|1839.6|林则徐虎门销烟|war|虎门销烟
p1-r002|1840.6|第一次鸦片战争开始|war|1840年6月
p1-r003|1841.5|三元里人民抗英|war|1841年5月
p1-r004|1842.8|中英签订《南京条约》|politics|1842年8月
p1-r007|1851.1|金田起义|war|1851年1月
p1-r008|1853.3|太平天国定都天京|war|1853年3月
p1-r010|1859|《资政新篇》|thought|1859年
p1-r012|1860|火烧圆明园与《北京条约》|war|
p1-r013|1864|太平天国运动失败|war|
p1-r019|1883-1885|中法战争|war|
p1-r021|1895.4|中日签订《马关条约》|politics|1895年4月
p1-r022|1898.6.11|戊戌变法开始|politics|1898年6月11日
p1-r022|1898.9.21|戊戌政变|politics|1898年9月21日
p2-r025|1901.9|《辛丑条约》签订|politics|1901年9月
p2-r026|1905.8|中国同盟会成立|politics|1905年8月
p2-r026|1905.11|《民报》发刊词阐发三民主义|thought|1905年11月
p2-r027|1905-1907|革命派与改良派论战|thought|
p2-r029|1906|清政府宣布预备立宪|politics|
p2-r031|1911.4|黄花岗起义|war|
p2-r031|1911.10.10|武昌起义|war|1911年10月10日
p2-r032|1912.1.1|中华民国临时政府成立|politics|1912年1月1日
p2-r032|1912.2.12|清帝退位|politics|1912年2月12日
p2-r032|1912.3|《中华民国临时约法》|politics|
p2-r036|1916.3|袁世凯取消帝制|politics|
p2-r038|1919.5.4|五四运动爆发|war|1919年5月4日
p2-r039|1920.8|上海共产党早期组织成立|politics|1920年8月
p2-r040|1921.7.23|中国共产党第一次全国代表大会|politics|1921年7月23日
p2-r041|1922.7|中国共产党第二次全国代表大会|politics|1922年7月
p3-r043|1924.1|国民党第一次全国代表大会|politics|1924年1月
p3-r044|1925.3.12|孙中山逝世|politics|
p3-r044|1925.5|五卅运动|war|
p3-r045|1926.7|北伐战争开始|war|1926年7月
p3-r046|1927.4.12|四一二反革命政变|politics|1927年4月12日
p3-r046|1927.7.15|七一五反革命政变|politics|1927年7月15日
p3-r046|1927.8.1|南昌起义|war|1927年8月1日
p3-r046|1927.8.7|八七会议|politics|1927年8月7日
p3-r046|1927.9.9|秋收起义|war|
p3-r046|1927.10|创建井冈山革命根据地|war|
p3-r048|1929.12.28|古田会议|politics|
p3-r050|1930.1|《星星之火，可以燎原》|thought|1930年1月
p3-r050|1930.5|《反对本本主义》|thought|1930年5月
p4-r051|1931.9.18|九一八事变|war|1931年9月18日
p4-r051|1931.11|中华苏维埃共和国临时中央政府成立|politics|
p4-r054|1934.10|中央红军开始长征|war|1934年10月
p4-r055|1935.1|遵义会议|politics|1935年1月
p4-r055|1935.12.9|一二九运动|war|1935年12月9日
p4-r056|1936.10|红军三大主力会师|war|1936年10月
p4-r056|1936.12.12|西安事变|politics|1936年12月12日
p4-r057|1937.7.7|七七事变|war|1937年7月7日
p4-r057|1937.8.13|八一三事变|war|
p5-r059|1938.5-6|《论持久战》|thought|
p5-r061|1940.下半年|百团大战|war|
p5-r062|1941.1|皖南事变|war|1941年1月
p5-r062|1941.5|《改造我们的学习》|thought|1941年5月
p5-r065|1945.4-6|中国共产党第七次全国代表大会|politics|
p5-r065|1945.8.15|日本宣布无条件投降|war|1945年8月15日
p5-r065|1945.9.2|日本签署投降书|war|1945年9月2日
p5-r065|1945.10.10|双十协定|politics|1945年10月10日
p5-r066|1946.5.4|五四指示|economy|
p5-r066|1946.6.26|全面内战爆发|war|1946年6月26日
p5-r067|1947.6.30|刘邓大军挺进大别山|war|
p5-r068|1948.9-49.1|辽沈、淮海、平津三大战役|war|
p6-r069|1949.3|七届二中全会|politics|1949年3月
p6-r069|1949.4.23|南京解放|war|1949年4月23日
p6-r069|1949.6.30|《论人民民主专政》|thought|1949年6月30日
p6-r069|1949.9.21|中国人民政治协商会议第一届全体会议|politics|1949年9月21日
p6-r069|1949.10.1|中华人民共和国成立|politics|1949年10月1日
p6-r072|1952.9|过渡时期设想|economy|
p6-r073|1953|第一个五年计划开始|economy|
p6-r074|1954.9|第一届全国人大与宪法|politics|1954年9月
p6-r076|1956|社会主义改造基本完成|economy|
p6-r076|1956.4.25|《论十大关系》|thought|1956年4月25日
p7-r077|1956.9.15-27|中国共产党第八次全国代表大会|politics|
p7-r080|1961.1|调整、巩固、充实、提高|economy|1961年1月
p7-r081|1962.1|七千人大会|politics|1962年1月
p7-r083|1964.10|第一颗原子弹爆炸成功|economy|
p7-r086|1967.6|第一颗氢弹爆炸成功|economy|
p7-r088|1970.4|第一颗人造卫星发射成功|economy|
p7-r089|1971.10|恢复在联合国的合法席位|politics|
p7-r090|1972.2|尼克松访华|politics|1972年2月
p7-r090|1972.9|中日建交|politics|1972年9月
p7-r094|1976.10.6|粉碎江青反革命集团|politics|
p7-r097|1979.3.30|坚持四项基本原则|thought|1979年3月30日
p8-r098|1980.5|四个经济特区|economy|
p8-r099|1981.6.27-29|关于建国以来的若干历史问题的决议|politics|
p8-r100|1982.9|中国共产党第十二次全国代表大会|politics|1982年9月
p8-r104|1987.10.25|中国共产党第十三次全国代表大会|politics|
p8-r106|1992.1.18-2.21|邓小平南方谈话|thought|
p8-r106|1992.10.12-18|中国共产党第十四次全国代表大会|politics|
p8-r107|1993.4|汪辜会谈|politics|
p8-r111|1997.7.1|香港回归|politics|1997年7月1日
p8-r111|1997.9|中国共产党第十五次全国代表大会|politics|1997年9月
p8-r113|1999.12.20|澳门回归|politics|1999年12月20日
p8-r114|2000.2|首次提出三个代表重要思想|thought|2000年2月
p9-r115|2000|人民生活总体达到小康|economy|
p9-r116|2001.12.11|中国加入世界贸易组织|economy|2001年12月11日
p9-r117|2002.11.8|中国共产党第十六次全国代表大会|politics|
p9-r118|2003.10|十六届三中全会|politics|
p9-r120|2005.3.14|《反分裂国家法》|politics|
p9-r121|2006.10|十六届六中全会|politics|
p9-r122|2007.10.15|中国共产党第十七次全国代表大会|politics|
p9-r123|2008.12.31|告台湾同胞书发表30周年座谈会|politics|
p9-r124|2009.9|十七届四中全会|politics|
